{"cameraMode":{"drawMode":0,"name":"Shaded","section":"Shading Mode"},"sceneLighting":true,"audioPlay":false,"sceneViewState":{"showFog":true,"showMaterialUpdate":false,"showSkybox":true,"showFlares":true,"showImageEffects":true,"showParticleSystems":true},"in2DMode":false,"pivot":{"x":-7.851156234741211,"y":2.6824092864990236,"z":0.2913498878479004},"rotation":{"x":-0.12174592912197113,"y":0.6489335298538208,"z":-0.10626298189163208,"w":-0.7434858679771423},"size":37.98345184326172,"orthographic":false}