{"cameraMode":{"drawMode":0,"name":"Shaded","section":"Shading Mode"},"sceneLighting":true,"audioPlay":false,"sceneViewState":{"showFog":true,"showMaterialUpdate":false,"showSkybox":true,"showFlares":true,"showImageEffects":true,"showParticleSystems":true},"in2DMode":false,"pivot":{"x":-1896.0377197265625,"y":-11.725040435791016,"z":-1399.6163330078125},"rotation":{"x":0.08670543879270554,"y":0.6864534616470337,"z":-0.08298784494400025,"w":0.7172028422355652},"size":136.3484344482422,"orthographic":false}