{"cameraMode":{"drawMode":0,"name":"Shaded","section":"Shading Mode"},"sceneLighting":false,"audioPlay":false,"sceneViewState":{"showFog":true,"showMaterialUpdate":false,"showSkybox":false,"showFlares":true,"showImageEffects":true,"showParticleSystems":true},"in2DMode":false,"pivot":{"x":-6.905445098876953,"y":19.67966079711914,"z":-2.1500625610351564},"rotation":{"x":-0.2512217164039612,"y":0.20202895998954774,"z":-0.05370287224650383,"w":-0.9450899362564087},"size":85.99868774414063,"orthographic":false}