{"cameraMode":{"drawMode":0,"name":"Shaded","section":"Shading Mode"},"sceneLighting":false,"audioPlay":false,"sceneViewState":{"showFog":true,"showMaterialUpdate":false,"showSkybox":false,"showFlares":true,"showImageEffects":true,"showParticleSystems":true},"in2DMode":false,"pivot":{"x":-116.96009826660156,"y":-1600.0,"z":12.902000427246094},"rotation":{"x":-0.2755618691444397,"y":-0.029700899496674539,"z":0.008518063463270665,"w":-0.96079421043396},"size":7.6458635330200199,"orthographic":false}